Game,Link
Blood of an Englishman,https://boardgamegeek.com/boardgame/206504/blood-englishman
That's Pretty Clever!,https://boardgamegeek.com/boardgame/244522/s-pretty-clever
The Fox in the Forest,https://boardgamegeek.com/boardgame/221965/fox-forest
Shadows in Kyoto,https://boardgamegeek.com/boardgame/229741/shadows-kyoto
Stew,https://boardgamegeek.com/boardgame/242324/stew
Mr. Jack,https://boardgamegeek.com/boardgame/21763/mr-jack
Patchwork Express,https://boardgamegeek.com/boardgame/246639/patchwork-express
Timeline,https://boardgamegeek.com/boardgame/128664/timeline
Timeline: Discoveries,https://boardgamegeek.com/boardgame/99975/timeline-discoveries
The Mind,https://boardgamegeek.com/boardgame/244992/mind
Seasons,https://boardgamegeek.com/boardgame/108745/seasons
Zombie Dice,https://boardgamegeek.com/boardgame/62871/zombie-dice
Hex Roller,https://boardgamegeek.com/boardgame/267568/hexroller
Reef,https://boardgamegeek.com/boardgame/244228/reef
Ligretto,https://boardgamegeek.com/boardgame/943/ligretto
Jaipur,https://boardgamegeek.com/boardgame/54043/jaipur
NMBR 9,https://boardgamegeek.com/boardgame/217449/nmbr-9
"Star Realms, Star Realms: Frontiers",https://boardgamegeek.com/boardgame/147020/star-realms
Neolithic,https://boardgamegeek.com/boardgame/193486/neolithic
Keep,https://boardgamegeek.com/boardgame/185276/keep
Conspiracy: Abyss Universe,https://boardgamegeek.com/boardgame/276042/conspiracy-abyss-universe
Stronghold: 2nd Edition,https://boardgamegeek.com/boardgame/179460/stronghold-2nd-edition
Goa,https://boardgamegeek.com/boardgame/9216/goa
L.A.M.A.,https://boardgamegeek.com/boardgame/266083/llm
 Bärenpark,https://boardgamegeek.com/boardgame/219513/barenpark
Blue Lagoon,https://boardgamegeek.com/boardgame/244331/blue-lagoon
Tiny Towns,https://boardgamegeek.com/boardgame/265736/tiny-towns
Ghost Blitz,https://boardgamegeek.com/boardgame/83195/ghost-blitz
Ricochet Robots,https://boardgamegeek.com/boardgame/51/ricochet-robots
Sagrada,https://boardgamegeek.com/boardgame/199561/sagrada
Scarabya,https://boardgamegeek.com/boardgame/244330/scarabya
Jungle Speed,https://boardgamegeek.com/boardgame/8098/jungle-speed
Cyclades,https://boardgamegeek.com/boardgame/54998/cyclades
Babylonia,https://boardgamegeek.com/boardgame/266164/babylonia
Darwin's Journey,https://boardgamegeek.com/boardgame/322289/darwins-journey
Lost Cities,https://boardgamegeek.com/boardgame/50/lost-cities
Second Chance,https://boardgamegeek.com/boardgame/265683/second-chance
Patchwork,https://boardgamegeek.com/boardgame/163412/patchwork
The Bloody Inn,https://boardgamegeek.com/boardgame/180593/bloody-inn
Silver & Gold,https://boardgamegeek.com/boardgame/270673/silver-gold
Avenue,https://boardgamegeek.com/boardgame/205045/avenue
Five Tribes,https://boardgamegeek.com/boardgame/157354/five-tribes
Nations,https://boardgamegeek.com/boardgame/126042/nations
Kraftwagen,https://boardgamegeek.com/boardgame/171879/kraftwagen
Nations: The Dice Game,https://boardgamegeek.com/boardgame/157809/nations-dice-game
Seven Bridges,https://boardgamegeek.com/boardgame/266188/seven-bridges
Azul,https://boardgamegeek.com/boardgame/230802/azul
Azul: Stained Glass of Sintra,https://boardgamegeek.com/boardgame/230802/azul
Azul: Summer Pavilion,https://boardgamegeek.com/boardgame/287954/azul-summer-pavilion
Riverboat,https://boardgamegeek.com/boardgame/227515/riverboat
X nimmt!,https://boardgamegeek.com/boardgame/205885/x-nimmt
Tikal,https://boardgamegeek.com/boardgame/54/tikal
Renature,https://boardgamegeek.com/boardgame/300001/renature
The Game,https://boardgamegeek.com/boardgame/173090/game
The Princes of Florence,https://boardgamegeek.com/boardgame/555/princes-florence
Similo,https://boardgamegeek.com/boardgame/268620/similo
Heaven & Ale,https://boardgamegeek.com/boardgame/227789/heaven-ale
Schotten Totten,https://boardgamegeek.com/boardgame/372/schotten-totten
Paris,https://boardgamegeek.com/boardgame/282954/paris
Torres,https://boardgamegeek.com/boardgame/88/torres
Porta Nigra,https://boardgamegeek.com/boardgame/172385/porta-nigra
Hats,https://boardgamegeek.com/boardgame/281658/hats
Cuzco,https://boardgamegeek.com/boardgame/249411/cuzco
Clans of Caledonia,https://boardgamegeek.com/boardgame/216132/clans-caledonia
Cosmic Encounter Duel,https://boardgamegeek.com/boardgame/298572/cosmic-encounter-duel
Tides of Time,https://boardgamegeek.com/boardgame/176229/tides-time
Orléans,https://boardgamegeek.com/boardgame/164928/orleans
Viceroy,https://boardgamegeek.com/boardgame/157526/viceroy
Biblios,https://boardgamegeek.com/boardgame/34219/biblios
The Prodigals Club,https://boardgamegeek.com/boardgame/181796/prodigals-club
Altiplano,https://boardgamegeek.com/boardgame/234487/altiplano
 SHŌBU,https://boardgamegeek.com/boardgame/272380/shbu
Onitama,https://boardgamegeek.com/boardgame/160477/onitama
DVONN,https://boardgamegeek.com/boardgame/2346/dvonn
Circle the Wagons,https://boardgamegeek.com/boardgame/213266/circle-wagons
Sprawlopolis,https://boardgamegeek.com/boardgame/251658/sprawlopolis
Hanamikoji,https://boardgamegeek.com/boardgame/158600/hanamikoji
Foothills,https://boardgamegeek.com/boardgame/270538/foothills
TZAAR,https://boardgamegeek.com/boardgame/31999/tzaar
YINSH,https://boardgamegeek.com/boardgame/7854/yinsh
Via Nebula,https://boardgamegeek.com/boardgame/191231/nebula
Quadropolis,https://boardgamegeek.com/boardgame/176396/quadropolis
Through the Desert,https://boardgamegeek.com/boardgame/503/through-desert
Age of Steam,https://boardgamegeek.com/boardgame/4098/age-steam
Bruxelles 1893,https://boardgamegeek.com/boardgame/144592/bruxelles-1893
Carcassonne,https://boardgamegeek.com/boardgame/822/carcassonne
Ginkgopolis,https://boardgamegeek.com/boardgame/128271/ginkgopolis
Arcane Academy,https://boardgamegeek.com/boardgame/144734/arcane-academy
Ankh'or,https://boardgamegeek.com/boardgame/271530/ankhor
1987: Channel Tunnel,https://boardgamegeek.com/boardgame/279306/1987-channel-tunnel
Myrmes,https://boardgamegeek.com/boardgame/126792/myrmes
Vasco da Gama,https://boardgamegeek.com/boardgame/41002/vasco-da-gama
Circadians:First Light,https://boardgamegeek.com/boardgame/264052/circadians-first-light
Pax Pamir: Second Edition,https://boardgamegeek.com/boardgame/256960/pax-pamir-second-edition
Amun-Re,https://boardgamegeek.com/boardgame/5404/amun-re
High Society,https://boardgamegeek.com/boardgame/220/high-society
Trickerion: Legends of Illusion,https://boardgamegeek.com/boardgame/163068/trickerion-legends-illusion
Red7,https://boardgamegeek.com/boardgame/161417/red7
Chicago Express,https://boardgamegeek.com/boardgame/31730/chicago-express
Point Salad,https://boardgamegeek.com/boardgame/274960/point-salad
Piña Pirata,https://boardgamegeek.com/boardgame/154479/pina-pirata
Blackout: Hong Kong,https://boardgamegeek.com/boardgame/262215/blackout-hong-kong
Electropolis,https://boardgamegeek.com/boardgame/286431/electropolis
Arboretum,https://boardgamegeek.com/boardgame/140934/arboretum
Dale of Merchants,https://boardgamegeek.com/boardgame/176165/dale-merchants
Calico,https://boardgamegeek.com/boardgame/283155/calico
Temporum,https://boardgamegeek.com/boardgame/162263/temporum
Crown of Emara,https://boardgamegeek.com/boardgame/256570/crown-emara
Minute Realms,https://boardgamegeek.com/boardgame/234468/minute-realms
The Manhattan Project: Energy Empire,https://boardgamegeek.com/boardgame/176734/manhattan-project-energy-empire
Dokmus,https://boardgamegeek.com/boardgame/199793/dokmus
Merchants of Muziris,https://boardgamegeek.com/boardgame/231215/merchants-muziris
Everdell,https://boardgamegeek.com/boardgame/199792/everdell
No Thanks!,https://boardgamegeek.com/boardgame/12942/no-thanks
Cat Lady,https://boardgamegeek.com/boardgame/228504/cat-lady
Qwixx,https://boardgamegeek.com/boardgame/131260/qwixx
Trails of Tucana,https://boardgamegeek.com/boardgame/283864/trails-tucana
"Railroad Ink: Deep Blue Edition, Blazing Red Edition",https://boardgamegeek.com/boardgame/245654/railroad-ink-deep-blue-edition
Hanabi,https://boardgamegeek.com/boardgame/98778/hanabi
Rhino Hero,https://boardgamegeek.com/boardgame/91514/rhino-hero
The Fox in the Forest Duet,https://boardgamegeek.com/boardgame/288169/fox-forest-duet
Gaia Project,https://boardgamegeek.com/boardgame/220308/gaia-project
Tokaido,https://boardgamegeek.com/boardgame/123540/tokaido
Kanagawa,https://boardgamegeek.com/boardgame/200147/kanagawa
On Tour,https://boardgamegeek.com/boardgame/251412/tour
Signorie,https://boardgamegeek.com/boardgame/177678/signorie
Tsuro,https://boardgamegeek.com/boardgame/16992/tsuro
The Magnificent,https://boardgamegeek.com/boardgame/283863/magnificent
Terra Mystica,https://boardgamegeek.com/boardgame/120677/terra-mystica
Majesty: For the Realm,https://boardgamegeek.com/boardgame/230080/majesty-realm
ClipCut Parks,https://boardgamegeek.com/boardgame/283289/clipcut-parks
Rajas of the Ganges,https://boardgamegeek.com/boardgame/220877/rajas-ganges
Pharaon,https://boardgamegeek.com/boardgame/282414/pharaon
Santa Maria,https://boardgamegeek.com/boardgame/229220/santa-maria
Imhotep: The Duel,https://boardgamegeek.com/boardgame/255674/imhotep-duel
Rolled West,https://boardgamegeek.com/boardgame/280041/rolled-west
Welcome To...,https://boardgamegeek.com/boardgame/233867/welcome
LYNGK,https://boardgamegeek.com/boardgame/217083/lyngk
Nidavellir,https://boardgamegeek.com/boardgame/293014/nidavellir
Star Wars: Rebellion,https://boardgamegeek.com/boardgame/187645/star-wars-rebellion
Sorcerer City,https://boardgamegeek.com/boardgame/235014/sorcerer-city
Valley of the Kings: Premium Edition,https://boardgamegeek.com/boardgame/274466/valley-kings-premium-edition
Mystic Vale,https://boardgamegeek.com/boardgame/194607/mystic-vale
Dominion,https://boardgamegeek.com/boardgame/36218/dominion
Underwater Cities,https://boardgamegeek.com/boardgame/247763/underwater-cities
Odin's Ravens,https://boardgamegeek.com/boardgame/192074/odins-ravens-second-edition
Drop It,https://boardgamegeek.com/boardgame/244916/drop-it
Jetpack Joyride,https://boardgamegeek.com/boardgame/253215/jetpack-joyride
Junk Art,https://boardgamegeek.com/boardgame/193042/junk-art
Fields of Green,https://boardgamegeek.com/boardgame/200954/fields-green
Alexandria,https://boardgamegeek.com/boardgame/209538/alexandria
Project: ELITE,https://boardgamegeek.com/boardgame/256999/project-elite
The King is Dead,https://boardgamegeek.com/boardgame/172996/king-dead
Jungle Race,https://boardgamegeek.com/boardgame/255696/jungle-race
Era: Medieval Age,https://boardgamegeek.com/boardgame/270971/era-medieval-age
Carthago,https://boardgamegeek.com/boardgame/233006/carthago-merchants-guilds
Loot Island,https://boardgamegeek.com/boardgame/235512/loot-island
Board Game Cafe Frenzy,https://boardgamegeek.com/boardgame/274688/board-game-cafe-frenzy
Cupcake Empire,https://boardgamegeek.com/boardgame/256067/cupcake-empire
Space Race: The Card Game,https://boardgamegeek.com/boardgame/191177/space-race-card-game
Love Letter,https://boardgamegeek.com/boardgame/129622/love-letter
Terraforming Mars,https://boardgamegeek.com/boardgame/167791/terraforming-mars
La Granja,https://boardgamegeek.com/boardgame/146886/la-granja
Troyes,https://boardgamegeek.com/boardgame/73439/troyes
Wingspan,https://boardgamegeek.com/boardgame/266192/wingspan
Chimera Station,https://boardgamegeek.com/boardgame/163642/chimera-station
Piepmatz,https://boardgamegeek.com/boardgame/246200/piepmatz
Kingdomino,https://boardgamegeek.com/boardgame/204583/kingdomino
Guilds of London,https://boardgamegeek.com/boardgame/134157/guilds-london
Calimala,https://boardgamegeek.com/boardgame/199383/calimala
Get Bit!,https://boardgamegeek.com/boardgame/30539/get-bit
Santorini,https://boardgamegeek.com/boardgame/194655/santorini
Codenames: Duet,https://boardgamegeek.com/boardgame/224037/codenames-duet
Kanban EV,https://boardgamegeek.com/boardgame/284378/kanban-ev
Barrage,https://boardgamegeek.com/boardgame/251247/barrage
Isle of Skye: From Chieftain to King,https://boardgamegeek.com/boardgame/176494/isle-skye-chieftain-king
Feudum,https://boardgamegeek.com/boardgame/163839/feudum
Pulsar 2849,https://boardgamegeek.com/boardgame/228341/pulsar-2849
Mombasa,https://boardgamegeek.com/boardgame/172386/mombasa
Mexica,https://boardgamegeek.com/boardgame/2955/mexica
Starving Artists,https://boardgamegeek.com/boardgame/189350/starving-artists
Ringenes Herre (The Lord of the Rings),https://boardgamegeek.com/boardgame/823/lord-rings
Memoir '44,https://boardgamegeek.com/boardgame/10630/memoir-44
The Quest for El Dorado,https://boardgamegeek.com/boardgame/217372/quest-el-dorado
Inhabit the Earth,https://boardgamegeek.com/boardgame/181797/inhabit-earth
Tash-Kalar: Arena of Legends,https://boardgamegeek.com/boardgame/146278/tash-kalar-arena-legends
Magic: The Gathering – Arena of the Planeswalkers,https://boardgamegeek.com/boardgame/167698/magic-gathering-arena-planeswalkers
Undaunted: Normandy,https://boardgamegeek.com/boardgame/268864/undaunted-normandy
Summoner Wars: Alliances Master Set,https://boardgamegeek.com/boardgame/158889/summoner-wars-alliances-master-set
Carcassonne: Hunters and Gatherers,https://boardgamegeek.com/boardgame/4390/carcassonne-hunters-and-gatherers
Suburbia: Collector's Edition,https://boardgamegeek.com/boardgame/267367/suburbia-collectors-edition
For Sale,https://boardgamegeek.com/boardgame/172/sale
Isle of Cats,https://boardgamegeek.com/boardgame/281259/isle-cats
Libertalia,https://boardgamegeek.com/boardgame/125618/libertalia
Nippon,https://boardgamegeek.com/boardgame/154809/nippon
Snowdonia,https://boardgamegeek.com/boardgame/119432/snowdonia
Maracaibo,https://boardgamegeek.com/boardgame/276025/maracaibo
Embarcadero,https://boardgamegeek.com/boardgame/315234/embarcadero
Fast Forward: FEAR,https://boardgamegeek.com/boardgame/231664/fast-forward-fear
Fast Forward: Fortress,https://boardgamegeek.com/boardgame/231665/fast-forward-fortress
Coco Loco (Coconuts),https://boardgamegeek.com/boardgame/145639/coconuts
Project L,https://boardgamegeek.com/boardgame/260180/project-l
Glasgow,https://boardgamegeek.com/boardgame/301716/glasgow
5-Minute Mystery,https://boardgamegeek.com/boardgame/294514/5-minute-mystery
Imperial Settlers: Empires of the North,https://boardgamegeek.com/boardgame/270844/imperial-settlers-empires-north
Raptor,https://boardgamegeek.com/boardgame/177639/raptor
Medici: The Dice Game,https://boardgamegeek.com/boardgame/291511/medici-dice-game
Navegador,https://boardgamegeek.com/boardgame/66589/navegador
Glen More II: Chronicles,https://boardgamegeek.com/boardgame/265188/glen-more-ii-chronicles
Whale Riders,https://boardgamegeek.com/boardgame/305761/whale-riders
Whale Riders: The Card Game,https://boardgamegeek.com/boardgame/310031/whale-riders-card-game